边,源节点,目标节点,平均分数,标准差,变异系数,稳定性分数,最大成对差异,平均成对差异,方法数量,一致性水平,MLE_分数,Bayesian_分数,EM_分数,SEM_分数
检验_谷草/谷丙->检验_钾,检验_谷草/谷丙,检验_钾,0.08381144618960297,0.14516568305621733,1.7320508075688772,0.36602540378443865,0.3352457847584119,0.16762289237920594,4,不一致,0.0,0.0,0.0,0.3352457847584119
检验_钠->检验_谷草/谷丙,检验_钠,检验_谷草/谷丙,0.08381144618960297,0.14516568305621733,1.7320508075688772,0.36602540378443865,0.3352457847584119,0.16762289237920594,4,不一致,0.0,0.0,0.0,0.3352457847584119
检验_谷草/谷丙->药物_艾司唑仑片,检验_谷草/谷丙,药物_艾司唑仑片,0.08381144618960297,0.14516568305621733,1.7320508075688772,0.36602540378443865,0.3352457847584119,0.16762289237920594,4,不一致,0.0,0.0,0.0,0.3352457847584119
药物_氯化钠注射液->检验_谷草/谷丙,药物_氯化钠注射液,检验_谷草/谷丙,0.08381144618960297,0.14516568305621733,1.7320508075688772,0.36602540378443865,0.3352457847584119,0.16762289237920594,4,不一致,0.0,0.0,0.0,0.3352457847584119
检验_谷草/谷丙->疾病_糖尿病,检验_谷草/谷丙,疾病_糖尿病,0.08381144618960297,0.14516568305621733,1.7320508075688772,0.36602540378443865,0.3352457847584119,0.16762289237920594,4,不一致,0.0,0.0,0.0,0.3352457847584119
检验_谷草/谷丙->药物_硫酸氢氯吡格雷片,检验_谷草/谷丙,药物_硫酸氢氯吡格雷片,0.08381144618960297,0.14516568305621733,1.7320508075688772,0.36602540378443865,0.3352457847584119,0.16762289237920594,4,不一致,0.0,0.0,0.0,0.3352457847584119
