边,源节点,目标节点,平均分数,标准差,变异系数,稳定性分数,最大成对差异,平均成对差异,方法数量,一致性水平,MLE_分数,Bayesian_分数,EM_分数,SEM_分数
药物_氯化钠注射液->药物_肝素钠注射液,药物_氯化钠注射液,药物_肝素钠注射液,0.3092725578556228,0.21367446087100814,0.6908936969789523,0.5914032335602513,0.5007425197884849,0.25425747115237546,4,低度一致,0.17825761102130214,0.2015748785700999,0.17825761102130214,0.679000130809787
检验_氯->药物_肝素钠注射液,检验_氯,药物_肝素钠注射液,0.2159540958228462,0.15404751013388485,0.7133345146658148,0.5836571851207057,0.3603937443125348,0.18265042424557332,4,低度一致,0.1221753316107536,0.13689664414658914,0.1221753316107536,0.4825690759232884
疾病_高血压->药物_碳酸钙片,疾病_高血压,药物_碳酸钙片,0.1665630161474161,0.11889810713485117,0.7138325775130102,0.5834875664757917,0.2778633713397779,0.14065857556341885,4,低度一致,0.09450683847217677,0.10486817783335621,0.09450683847217677,0.3723702098119547
药物_硫酸氢氯吡格雷片->药物_苯磺酸氨氯地平片,药物_硫酸氢氯吡格雷片,药物_苯磺酸氨氯地平片,0.3653348238791479,0.2820302369550086,0.7719774259688523,0.5643412750888949,0.6546336266264379,0.32731681331321894,4,低度一致,0.20417370444229987,0.19917913000277698,0.20417370444229987,0.8538127566292149
疾病_反流性食管炎->药物_氯化钠注射液,疾病_反流性食管炎,药物_氯化钠注射液,0.1846333188899385,0.14502236035939553,0.7854614824198909,0.5600792903382431,0.34335261644538684,0.17167630822269342,4,低度一致,0.10529160475592349,0.09229872480126014,0.10529160475592349,0.43565134124664695
检验_总蛋白->药物_苯磺酸氨氯地平片,检验_总蛋白,药物_苯磺酸氨氯地平片,0.16259917215160952,0.15075828851352552,0.9271774666414451,0.51889357223688,0.350967854199305,0.17693560696142085,4,低度一致,0.07267968880913074,0.08138976797974093,0.07267968880913074,0.4236475430084357
疾病_高血压->药物_苯磺酸氨氯地平片,疾病_高血压,药物_苯磺酸氨氯地平片,0.1369034175173692,0.14566878996029622,1.0640259578751199,0.4844900308470361,0.3384719654884813,0.17029479765901892,4,低度一致,0.05069720377308142,0.05705009326175124,0.05069720377308142,0.3891691692615627
