{
  "疾病_高血压": {
    "type": "conditional",
    "parents": [
      "检验_总蛋白",
      "药物_阿卡波糖片"
    ],
    "probabilities": {
      "0,0": [
        0.8181818181818182,
        0.18181818181818182
      ],
      "0,1": [
        0.0,
        1.0
      ],
      "1,0": [
        0.38461538461538464,
        0.6153846153846154
      ],
      "1,1": [
        0.0,
        1.0
      ]
    }
  },
  "疾病_高脂血症": {
    "type": "conditional",
    "parents": [
      "药物_阿托伐他汀钙片",
      "检验_钠",
      "疾病_混合痔"
    ],
    "probabilities": {
      "0,0,0": [
        0.7916666666666666,
        0.20833333333333334
      ],
      "0,0,1": [
        1.0,
        0.0
      ],
      "0,1,0": [
        0.42857142857142855,
        0.5714285714285714
      ],
      "0,1,1": [
        0.5,
        0.5
      ],
      "1,0,0": [
        0.0,
        1.0
      ],
      "1,0,1": [
        0.5,
        0.5
      ],
      "1,1,0": [
        1.0,
        0.0
      ],
      "1,1,1": [
        0.5,
        0.5
      ]
    }
  },
  "疾病_糖尿病": {
    "type": "conditional",
    "parents": [
      "疾病_反流性食管炎",
      "药物_阿司匹林肠溶片",
      "检验_葡萄糖",
      "检验_谷草/谷丙"
    ],
    "probabilities": {
      "0,0,0,0": [
        0.8571428571428571,
        0.14285714285714285
      ],
      "0,0,0,1": [
        0.5,
        0.5
      ],
      "0,0,1,0": [
        0.3333333333333333,
        0.6666666666666666
      ],
      "0,0,1,1": [
        0.5,
        0.5
      ],
      "0,1,0,0": [
        0.0,
        1.0
      ],
      "0,1,0,1": [
        0.5,
        0.5
      ],
      "0,1,1,0": [
        0.0,
        1.0
      ],
      "0,1,1,1": [
        0.5,
        0.5
      ],
      "1,0,0,0": [
        1.0,
        0.0
      ],
      "1,0,0,1": [
        0.5,
        0.5
      ],
      "1,0,1,0": [
        1.0,
        0.0
      ],
      "1,0,1,1": [
        0.5,
        0.5
      ],
      "1,1,0,0": [
        1.0,
        0.0
      ],
      "1,1,0,1": [
        0.5,
        0.5
      ],
      "1,1,1,0": [
        0.5,
        0.5
      ],
      "1,1,1,1": [
        0.5,
        0.5
      ]
    }
  },
  "疾病_冠状动脉粥样硬化性心脏病": {
    "type": "conditional",
    "parents": [
      "检验_葡萄糖",
      "药物_阿卡波糖片"
    ],
    "probabilities": {
      "0,0": [
        0.8857142857142857,
        0.11428571428571428
      ],
      "0,1": [
        0.0,
        1.0
      ],
      "1,0": [
        1.0,
        0.0
      ],
      "1,1": [
        1.0,
        0.0
      ]
    }
  },
  "疾病_反流性食管炎": {
    "type": "conditional",
    "parents": [
      "疾病_高脂血症"
    ],
    "probabilities": {
      "0": [
        0.9142857142857143,
        0.08571428571428572
      ],
      "1": [
        0.5333333333333333,
        0.4666666666666667
      ]
    }
  },
  "疾病_动脉硬化": {
    "type": "conditional",
    "parents": [
      "疾病_高脂血症",
      "检验_总蛋白"
    ],
    "probabilities": {
      "0,0": [
        1.0,
        0.0
      ],
      "0,1": [
        0.8,
        0.2
      ],
      "1,0": [
        0.5,
        0.5
      ],
      "1,1": [
        0.8,
        0.2
      ]
    }
  },
  "疾病_脂肪肝": {
    "type": "conditional",
    "parents": [
      "疾病_动脉硬化",
      "疾病_高尿酸血症"
    ],
    "probabilities": {
      "0,0": [
        0.9736842105263158,
        0.02631578947368421
      ],
      "0,1": [
        0.75,
        0.25
      ],
      "1,0": [
        0.3333333333333333,
        0.6666666666666666
      ],
      "1,1": [
        1.0,
        0.0
      ]
    }
  },
  "疾病_混合痔": {
    "type": "conditional",
    "parents": [
      "疾病_高脂血症",
      "检验_尿酸",
      "检验_葡萄糖"
    ],
    "probabilities": {
      "0,0,0": [
        0.42857142857142855,
        0.5714285714285714
      ],
      "0,0,1": [
        1.0,
        0.0
      ],
      "0,1,0": [
        1.0,
        0.0
      ],
      "0,1,1": [
        1.0,
        0.0
      ],
      "1,0,0": [
        1.0,
        0.0
      ],
      "1,0,1": [
        1.0,
        0.0
      ],
      "1,1,0": [
        1.0,
        0.0
      ],
      "1,1,1": [
        1.0,
        0.0
      ]
    }
  },
  "疾病_高尿酸血症": {
    "type": "conditional",
    "parents": [
      "疾病_糖尿病",
      "药物_阿托伐他汀钙片"
    ],
    "probabilities": {
      "0,0": [
        1.0,
        0.0
      ],
      "0,1": [
        0.8,
        0.2
      ],
      "1,0": [
        0.6666666666666666,
        0.3333333333333333
      ],
      "1,1": [
        0.5,
        0.5
      ]
    }
  },
  "疾病_心律失常": {
    "type": "marginal",
    "parents": [],
    "probabilities": [
      0.9,
      0.1
    ]
  },
  "药物_氯化钠注射液": {
    "type": "conditional",
    "parents": [
      "疾病_反流性食管炎",
      "药物_肝素钠注射液"
    ],
    "probabilities": {
      "0,0": [
        0.9487179487179487,
        0.05128205128205128
      ],
      "0,1": [
        0.0,
        1.0
      ],
      "1,0": [
        0.8,
        0.2
      ],
      "1,1": [
        0.5,
        0.5
      ]
    }
  },
  "药物_艾司唑仑片": {
    "type": "conditional",
    "parents": [
      "疾病_反流性食管炎",
      "疾病_心律失常",
      "检验_谷草/谷丙"
    ],
    "probabilities": {
      "0,0,0": [
        0.9722222222222222,
        0.027777777777777776
      ],
      "0,0,1": [
        0.5,
        0.5
      ],
      "0,1,0": [
        0.75,
        0.25
      ],
      "0,1,1": [
        0.5,
        0.5
      ],
      "1,0,0": [
        0.5555555555555556,
        0.4444444444444444
      ],
      "1,0,1": [
        0.5,
        0.5
      ],
      "1,1,0": [
        1.0,
        0.0
      ],
      "1,1,1": [
        0.5,
        0.5
      ]
    }
  },
  "药物_阿司匹林肠溶片": {
    "type": "conditional",
    "parents": [
      "疾病_高血压",
      "疾病_高脂血症",
      "检验_钠",
      "疾病_糖尿病"
    ],
    "probabilities": {
      "0,0,0,0": [
        1.0,
        0.0
      ],
      "0,0,0,1": [
        1.0,
        0.0
      ],
      "0,0,1,0": [
        0.5,
        0.5
      ],
      "0,0,1,1": [
        0.0,
        1.0
      ],
      "0,1,0,0": [
        1.0,
        0.0
      ],
      "0,1,0,1": [
        0.0,
        1.0
      ],
      "0,1,1,0": [
        0.6666666666666666,
        0.3333333333333333
      ],
      "0,1,1,1": [
        0.5,
        0.5
      ],
      "1,0,0,0": [
        1.0,
        0.0
      ],
      "1,0,0,1": [
        0.5,
        0.5
      ],
      "1,0,1,0": [
        1.0,
        0.0
      ],
      "1,0,1,1": [
        1.0,
        0.0
      ],
      "1,1,0,0": [
        1.0,
        0.0
      ],
      "1,1,0,1": [
        0.3333333333333333,
        0.6666666666666666
      ],
      "1,1,1,0": [
        1.0,
        0.0
      ],
      "1,1,1,1": [
        0.5,
        0.5
      ]
    }
  },
  "药物_盐酸羟考酮缓释片": {
    "type": "conditional",
    "parents": [
      "疾病_糖尿病"
    ],
    "probabilities": {
      "0": [
        1.0,
        0.0
      ],
      "1": [
        0.8571428571428571,
        0.14285714285714285
      ]
    }
  },
  "药物_阿托伐他汀钙片": {
    "type": "conditional",
    "parents": [
      "疾病_高脂血症"
    ],
    "probabilities": {
      "0": [
        0.9714285714285714,
        0.02857142857142857
      ],
      "1": [
        0.6,
        0.4
      ]
    }
  },
  "药物_苯磺酸氨氯地平片": {
    "type": "conditional",
    "parents": [
      "药物_硫酸氢氯吡格雷片",
      "检验_总蛋白",
      "疾病_高血压"
    ],
    "probabilities": {
      "0,0,0": [
        1.0,
        0.0
      ],
      "0,0,1": [
        1.0,
        0.0
      ],
      "0,1,0": [
        1.0,
        0.0
      ],
      "0,1,1": [
        0.8888888888888888,
        0.1111111111111111
      ],
      "1,0,0": [
        1.0,
        0.0
      ],
      "1,0,1": [
        0.5,
        0.5
      ],
      "1,1,0": [
        0.5,
        0.5
      ],
      "1,1,1": [
        0.0,
        1.0
      ]
    }
  },
  "药物_阿卡波糖片": {
    "type": "conditional",
    "parents": [
      "疾病_糖尿病",
      "疾病_高血压"
    ],
    "probabilities": {
      "0,0": [
        1.0,
        0.0
      ],
      "0,1": [
        1.0,
        0.0
      ],
      "1,0": [
        1.0,
        0.0
      ],
      "1,1": [
        0.3333333333333333,
        0.6666666666666666
      ]
    }
  },