{
  "疾病_高血压": {
    "type": "conditional",
    "parents": [
      "检验_总蛋白",
      "药物_阿卡波糖片"
    ],
    "probabilities": {
      "0,0": [
        0.5,
        0.5
      ],
      "0,1": [
        0.4145794338590362,
        0.5854205661409638
      ],
      "1,0": [
        0.40761305825009553,
        0.5923869417499045
      ],
      "1,1": [
        0.32763357937100257,
        0.6723664206289974
      ]
    }
  },
  "疾病_高脂血症": {
    "type": "conditional",
    "parents": [
      "药物_阿托伐他汀钙片",
      "检验_钠",
      "疾病_混合痔"
    ],
    "probabilities": {
      "0,0,0": [
        0.5,
        0.5
      ],
      "0,0,1": [
        0.5580705372810615,
        0.4419294627189385
      ],
      "0,1,0": [
        0.4646698428966546,
        0.5353301571033454
      ],
      "0,1,1": [
        0.5229285447665912,
        0.47707145523340877
      ],
      "1,0,0": [
        0.39166876660946826,
        0.6083312333905317
      ],
      "1,0,1": [
        0.44844192686941,
        0.55155807313059
      ],
      "1,1,0": [
        0.35850482117081306,
        0.6414951788291869
      ],
      "1,1,1": [
        0.4137402770239593,
        0.5862597229760407
      ]
    }
  },
  "疾病_糖尿病": {
    "type": "conditional",
    "parents": [
      "疾病_反流性食管炎",
      "药物_阿司匹林肠溶片",
      "检验_葡萄糖",
      "检验_谷草/谷丙"
    ],
    "probabilities": {
      "0,0,0,0": [
        0.5,
        0.5
      ],
      "0,0,0,1": [
        0.5,
        0.5
      ],
      "0,0,1,0": [
        0.40816112583342123,
        0.5918388741665788
      ],
      "0,0,1,1": [
        0.40816112583342123,
        0.5918388741665788
      ],
      "0,1,0,0": [
        0.41184288042430406,
        0.5881571195756959
      ],
      "0,1,0,1": [
        0.41184288042430406,
        0.5881571195756959
      ],
      "0,1,1,0": [
        0.3256503210374566,
        0.6743496789625434
      ],
      "0,1,1,1": [
        0.3256503210374566,
        0.6743496789625434
      ],
      "1,0,0,0": [
        0.5743301985675956,
        0.4256698014324044
      ],
      "1,0,0,1": [
        0.5743301985675956,
        0.4256698014324044
      ],
      "1,0,1,0": [
        0.4819998185193599,
        0.5180001814806401
      ],
      "1,0,1,1": [
        0.4819998185193599,
        0.5180001814806401
      ],
      "1,1,0,0": [
        0.4858009073582751,
        0.5141990926417249
      ],
      "1,1,0,1": [
        0.4858009073582751,
        0.5141990926417249
      ],
      "1,1,1,0": [
        0.3945122692976064,
        0.6054877307023936
      ],
      "1,1,1,1": [
        0.3945122692976064,
        0.6054877307023936
      ]
    }
  },
  "疾病_冠状动脉粥样硬化性心脏病": {
    "type": "conditional",
    "parents": [
      "检验_葡萄糖",
      "药物_阿卡波糖片"
    ],
    "probabilities": {
      "0,0": [
        0.5,
        0.5
      ],
      "0,1": [
        0.4417921081386239,
        0.5582078918613761
      ],
      "1,0": [
        0.5695626120783854,
        0.4304373879216145
      ],
      "1,1": [
        0.5115416531245771,
        0.48845834687542283
      ]
    }
  },
  "疾病_反流性食管炎": {
    "type": "conditional",
    "parents": [
      "疾病_高脂血症"
    ],
    "probabilities": {
      "0": [
        0.5,
        0.5
      ],
      "1": [
        0.3925905783492445,
        0.6074094216507555
      ]
    }
  },
  "疾病_动脉硬化": {
    "type": "conditional",
    "parents": [
      "疾病_高脂血症",
      "检验_总蛋白"
    ],
    "probabilities": {
      "0,0": [
        0.5,
        0.5
      ],
      "0,1": [
        0.4872186941520762,
        0.5127813058479238
      ],
      "1,0": [
        0.395049308658752,
        0.604950691341248
      ],
      "1,1": [
        0.3828963374476462,
        0.6171036625523538
      ]
    }
  },
  "疾病_脂肪肝": {
    "type": "conditional",
    "parents": [
      "疾病_动脉硬化",
      "疾病_高尿酸血症"
    ],
    "probabilities": {
      "0,0": [
        0.5,
        0.5
      ],
      "0,1": [
        0.5093012524492143,
        0.4906987475507857
      ],
      "1,0": [
        0.3735888458761465,
        0.6264111541238535
      ],
      "1,1": [
        0.38233671279796766,
        0.6176632872020323
      ]
    }
  },
  "疾病_混合痔": {
    "type": "conditional",
    "parents": [
      "疾病_高脂血症",
      "检验_尿酸",
      "检验_葡萄糖"
    ],
    "probabilities": {
      "0,0,0": [
        0.5,
        0.5
      ],
      "0,0,1": [
        0.5593193956417957,
        0.4406806043582043
      ],
      "0,1,0": [
        0.5757577049304561,
        0.42424229506954386
      ],
      "0,1,1": [
        0.6326918836731286,
        0.3673081163268715
      ],
      "1,0,0": [
        0.56775932058301,
        0.43224067941699
      ],
      "1,0,1": [
        0.6250679035148213,
        0.37493209648517867
      ],
      "1,1,0": [
        0.6406294580055671,
        0.3593705419944328
      ],
      "1,1,1": [
        0.6934923584805075,
        0.3065076415194925
      ]
    }
  },
  "疾病_高尿酸血症": {
    "type": "conditional",
    "parents": [
      "疾病_糖尿病",
      "药物_阿托伐他汀钙片"
    ],
    "probabilities": {
      "0,0": [
        0.5,
        0.5
      ],
      "0,1": [
        0.4493196530929868,
        0.5506803469070132
      ],
      "1,0": [
        0.38840095536963837,
        0.6115990446303616
      ],
      "1,1": [
        0.34131071753681774,
        0.6586892824631823
      ]
    }
  },
  "药物_氯化钠注射液": {
    "type": "conditional",
    "parents": [
      "疾病_反流性食管炎",
      "药物_肝素钠注射液"
    ],
    "probabilities": {
      "0,0": [
        0.5,
        0.5
      ],
      "0,1": [
        0.39108945663360406,
        0.6089105433663959
      ],
      "1,0": [
        0.45058914388282556,
        0.5494108561171744
      ],
      "1,1": [
        0.34501472865203664,
        0.6549852713479634
      ]
    }
  },
  "药物_艾司唑仑片": {
    "type": "conditional",
    "parents": [
      "疾病_反流性食管炎",
      "疾病_心律失常",
      "检验_谷草/谷丙"
    ],
    "probabilities": {
      "0,0,0": [
        0.5,
        0.5
      ],
      "0,0,1": [
        0.5,
        0.5
      ],
      "0,1,0": [
        0.4794962562413355,
        0.5205037437586645
      ],
      "0,1,1": [
        0.4794962562413355,
        0.5205037437586645
      ],
      "1,0,0": [
        0.393930487999281,
        0.606069512000719
      ],
      "1,0,1": [
        0.393930487999281,
        0.606069512000719
      ],
      "1,1,0": [
        0.37451834534073114,
        0.6254816546592689
      ],
      "1,1,1": [
        0.37451834534073114,
        0.6254816546592689
      ]
    }
  },
  "药物_阿司匹林肠溶片": {
    "type": "conditional",
    "parents": [
      "疾病_高血压",
      "疾病_高脂血症",
      "检验_钠",
      "疾病_糖尿病"
    ],
    "probabilities": {
      "0,0,0,0": [
        0.5,
        0.5
      ],
      "0,0,0,1": [
        0.37672067578005297,
        0.623279324219947
      ],
      "0,0,1,0": [
        0.4478649789571797,
        0.5521350210428203
      ],
      "0,0,1,1": [
        0.3289822943180051,
        0.6710177056819949
      ],
      "0,1,0,0": [
        0.447944062557882,
        0.552055937442118
      ],
      "0,1,0,1": [
        0.32905289632602375,
        0.6709471036739763
      ],
      "0,1,1,0": [
        0.3969279657076076,
        0.6030720342923924
      ],
      "0,1,1,1": [
        0.2845968517733457,
        0.7154031482266543
      ],
      "1,0,0,0": [
        0.5003677259615734,
        0.4996322740384266
      ],
      "1,0,0,1": [
        0.37706610988951084,
        0.6229338901104892
      ],
      "1,0,1,0": [
        0.4482287348080649,
        0.5517712651919351
      ],
      "1,0,1,1": [
        0.329307082373551,
        0.670692917626449
      ],
      "1,1,0,0": [
        0.44830783048732625,
        0.5516921695126737
      ],
      "1,1,0,1": [
        0.32937771986938713,
        0.6706222801306129
      ],
      "1,1,1,0": [
        0.39728011840534316,
        0.6027198815946568
      ],
      "1,1,1,1": [
        0.28489642489482603,
        0.715103575105174
      ]
    }
  },
  "药物_盐酸羟考酮缓释片": {
    "type": "conditional",